{"ports":null,"docker_image_name":"biodepot/downloadurl","outputs":{"py/reduce":[{"py/type":"collections.OrderedDict"},{"py/tuple":[]},null,null,{"py/tuple":[{"py/tuple":["directory",{"type":{"py/type":"__builtin__.str"},"default":"/data"}]}]}]},"priority":"1","command":["/root/download.sh"],"inputs":{"py/reduce":[{"py/type":"collections.OrderedDict"},{"py/tuple":[]},null,null,{"py/tuple":[{"py/tuple":["directory",{"callback":null,"type":{"py/type":"__builtin__.str"}}]},{"py/tuple":["trigger",{"type":{"py/type":"__builtin__.str"},"callback":null}]}]}]},"requiredParameters":["URL","directory"],"description":"Downloads files from URL","icon":"/data/download.png","persistentSettings":"all","volumes":null,"autoMap":true,"parameters":{"py/reduce":[{"py/type":"collections.OrderedDict"},{"py/tuple":[]},null,null,{"py/tuple":[{"py/tuple":["URL",{"type":"text list","label":"URL(s)","flag":null,"argument":true}]},{"py/tuple":["decompress",{"label":"Decompress files","type":"bool","default":true,"flag":"--decompress"}]},{"py/tuple":["directory",{"flag":"--directory","label":"Download directory","type":"directory"}]},{"py/tuple":["concatenateFile",{"label":"Download and join into one file","type":"file","flag":"--concatenateFile"}]}]}]},"name":"downloadURL","docker_image_tag":"alpine-3.15__f91276f5__4e514ca8__4cca3308"}