{"name": "Nextflow", "description": "Run a nextflow file", "docker_image_name": "nextflow/nextflow", "docker_image_tag": "22.10.8", "priority": "10", "icon": null, "inputs": {"py/reduce": [{"py/type": "collections.OrderedDict"}, {"py/tuple": []}, null, null, {"py/tuple": [{"py/tuple": ["inputFile", {"callback": null, "type": {"py/type": "builtins.str"}}]}, {"py/tuple": ["Trigger", {"callback": null, "type": {"py/type": "builtins.str"}}]}]}]}, "outputs": {"py/reduce": [{"py/type": "collections.OrderedDict"}, {"py/tuple": []}, null, null, {"py/tuple": [{"py/tuple": ["OutputDir", {"default": null, "type": {"py/type": "builtins.str"}}]}]}]}, "volumes": null, "ports": null, "parameters": {"py/reduce": [{"py/type": "collections.OrderedDict"}, {"py/tuple": []}, null, null, {"py/tuple": [{"py/tuple": ["InputFile", {"flag": null, "label": "Nextflow file or Command", "type": "file"}]}, {"py/tuple": ["input", {"flag": "--input ", "label": "Input Samplesheet", "type": "file"}]}, {"py/tuple": ["outdir", {"flag": "--outdir ", "label": "Output Directory", "type": "directory"}]}, {"py/tuple": ["genome", {"flag": "--genome ", "label": "Genome type", "type": "str"}]}, {"py/tuple": ["profile", {"default": "docker", "flag": "-profile ", "label": "Container Profile", "type": "str"}]}, {"py/tuple": ["gtf_file", {"flag": "--gtf ", "label": "GTF file", "type": "file"}]}, {"py/tuple": ["gff_file", {"flag": "--gff ", "label": "GFF file", "type": "file"}]}, {"py/tuple": ["transcript_fasta", {"flag": "--transcript_fasta ", "label": "Transcript FASTA file", "type": "file"}]}, {"py/tuple": ["additional_fasta", {"flag": "--additional_fasta ", "label": "Additional FASTA file", "type": "file"}]}, {"py/tuple": ["bbsplit_fasta_list", {"flag": "--bbsplit_fasta_list ", "label": "BBSplit FASTA list", "type": "file"}]}, {"py/tuple": ["salmon_index", {"flag": "--salmon_index ", "label": "Salmon pre-built index", "type": "file"}]}, {"py/tuple": ["hisat2_index", {"flag": "--hisat2_index ", "label": "HISAT2 pre-built index", "type": "file"}]}, {"py/tuple": ["rsem_index", {"flag": "--rsem_index ", "label": "RSEM pre-built index", "type": "file"}]}, {"py/tuple": ["aligner", {"flag": "--aligner ", "label": "Aligner ('star_salmon', 'star_rsem', 'hisat2')", "type": "str"}]}, {"py/tuple": ["pseudo_aligner", {"flag": "--pseudo_aligner ", "label": "Pseudo aligner ('salmon')", "type": "str"}]}, {"py/tuple": ["skip_bbsplit", {"flag": "--skip_bbsplit ", "label": "Skip BBSplit", "type": "bool"}]}, {"py/tuple": ["umitools_bc_pattern", {"flag": "--umitools_bc_pattern ", "label": "UMI barcode pattern", "type": "str"}]}]}]}, "command": ["nextflow run _bwb{InputFile}"], "autoMap": true, "runDockerMap": true, "persistentSettings": "all", "requiredParameters": ["InputFile"]}